dataset_name,min,max,mean,std,median,Micro,Tiny,Small,Medium,Large
ytvis_2019,101,921600,110127.5086149729,19929.2301508907,109407.50225225225,28,480,1184,11822,83596
