dataset_name,min,max,mean,std,median,Micro,Tiny,Small,Medium,Large
skydata,0.0,279474.0,402.780640099189,75.00032843663347,398.4344407811311,1669426,770670,212684,154069,11910
ytvis_2019,101.0,921600.0,110127.5086149729,19929.2301508907,109407.50225225225,28,480,1184,11822,83596
ytvis_2021,1.0,921600.0,72767.14962637653,14240.15988778167,72020.23332802801,1331,3313,6430,44274,120036
