dataset_name,min,max,mean,std,median,Micro,Tiny,Small,Medium,Large
MOT2020,28.0,409555.0,8590.509707747866,2342.926257297368,8466.996140651801,72,3856,13329,777190,542473
skydata,0.0,279474.0,402.780640099189,75.00032843663347,398.4344407811311,1669426,770670,212684,154069,11910
MOT2017,221.0,1514253.0,23966.118909510296,12377.270139522747,19365.96796482412,0,1734,24396,346083,241890
visdrone_mot,60.0,494216.0,5780.90037900749,2155.560466885097,5294.0860488080125,2984,80562,195322,731660,158831
