dataset_name,total_tracks,average_track_length,min_track_length,max_track_length,average_tracks_per_video
MOT2020,2332,573.2933104631218,1,3315,334230.0
skydata,3943,714.8767435962465,1,2470,563.2857142857143
MOT2017,2388,257.16206030150755,1,1050,29243.0
visdrone_mot,7089,158.82084920299056,1,1238,20881.410714285714
