dataset_name,min,max,mean,std,median,Micro,Tiny,Small,Medium,Large
tao,18.0,2026080.0,72942.40942016299,26406.151231792857,69985.23155665373,578,1808,2228,13737,40849
MOT2020,28.0,409555.0,8590.509707747866,2342.926257297368,8466.996140651801,72,3856,13329,777190,542473
skydata,0.0,279474.0,402.780640099189,75.00032843663347,398.4344407811311,1669426,770670,212684,154069,11910
MOT2017,221.0,1514253.0,23966.118909510296,12377.270139522747,19365.96796482412,0,1734,24396,346083,241890
visdrone_mot,60.0,494216.0,5780.90037900749,2155.560466885097,5294.0860488080125,2984,80562,195322,731660,158831
DanceTrack,432.0,1225105.0,49268.98131872779,20042.149927487575,45830.34248210024,0,1,0,8558,340371
